"Kind","Key","Count","Branches"
"same_sha","e5db50b1c5cacc74ae0e4c3c06ffb9d61236ebb0","2","rescue/no-perder-nada-20260615-171019/stash/10;rescue/no-perder-nada-20260615-180121/stash/10"
"same_sha","6ca25f2de318c3c66e7ab8462f6dc04c7cc5d610","2","rescue/no-perder-nada-20260615-171019/stash/27;rescue/no-perder-nada-20260615-180121/stash/27"
"same_sha","3ab1d5b41490837233abbb8ddaecf9fe6fe55427","2","rescue/no-perder-nada-20260615-171019/stash/7;rescue/no-perder-nada-20260615-180121/stash/7"
"same_sha","d53627a887f39f7b0779229c9876765ca6e91b18","2","rescue/no-perder-nada-20260615-171019/stash/11;rescue/no-perder-nada-20260615-180121/stash/11"
"same_sha","dbc961ded8ec282c7cbb2f32ca6d95d48374774b","2","rescue/no-perder-nada-20260615-171019/stash/26;rescue/no-perder-nada-20260615-180121/stash/26"
"same_sha","3b7ba59588e9e64daf2d7ce9acacdf8d287f76c7","2","rescue/no-perder-nada-20260615-171019/stash/9;rescue/no-perder-nada-20260615-180121/stash/9"
"same_sha","a4da086e67ceaa003d257b2084b4f19ce519f3bc","2","rescue/no-perder-nada-20260615-171019/stash/28;rescue/no-perder-nada-20260615-180121/stash/28"
"same_sha","c6ae34f3410423ad865f3d406ca97d07834baa2d","2","rescue/no-perder-nada-20260615-171019/stash/24;rescue/no-perder-nada-20260615-180121/stash/24"
"same_sha","48ce8b42c18064f4d30551e08b7b969311675793","2","rescue/no-perder-nada-20260615-171019/stash/31;rescue/no-perder-nada-20260615-180121/stash/31"
"same_sha","74dfa24b5777c36c308264a58e260a3a2a45924e","2","rescue/no-perder-nada-20260615-171019/stash/12;rescue/no-perder-nada-20260615-180121/stash/12"
"same_sha","74fb4928b0abe5d445fbd4967a4e9aee0ccae47a","2","rescue/no-perder-nada-20260615-171019/stash/29;rescue/no-perder-nada-20260615-180121/stash/29"
"same_sha","ba43481f79a0c2dbe8425dd671c96e72b211f9f7","2","rescue/no-perder-nada-20260615-171019/stash/30;rescue/no-perder-nada-20260615-180121/stash/30"
"same_sha","186623e4b38534f89232b563ec2b332f24303a79","2","rescue/no-perder-nada-20260615-171019/stash/3;rescue/no-perder-nada-20260615-180121/stash/3"
"same_sha","bd05623533905c0c44964d65abbb133987f70208","2","rescue/no-perder-nada-20260615-171019/stash/5;rescue/no-perder-nada-20260615-180121/stash/5"
"same_sha","db3a3280aac4b6ff05c8ee2a25e40f87780b48d5","2","rescue/no-perder-nada-20260615-171019/stash/19;rescue/no-perder-nada-20260615-180121/stash/19"
"same_sha","17f9fb5761f186e0d9643210a14569f993fad493","2","rescue/no-perder-nada-20260615-171019/stash/0;rescue/no-perder-nada-20260615-180121/stash/0"
"same_sha","26190426a5da806877eec724cbb44ded9a7ab803","2","rescue/no-perder-nada-20260615-171019/stash/32;rescue/no-perder-nada-20260615-180121/stash/32"
"same_sha","1010a345a249703b99067ce649b2735b305e01a5","2","rescue/no-perder-nada-20260615-171019/stash/17;rescue/no-perder-nada-20260615-180121/stash/17"
"same_sha","c433cd1b33d35152b8d84e62c9f3ec475ab61d9b","2","rescue/no-perder-nada-20260615-171019/stash/23;rescue/no-perder-nada-20260615-180121/stash/23"
"same_sha","a979d5b79833245fa8a7df93711ef7784f08f918","2","audit/f6-post-approval-sensitive-a979d5b7;codex/f6-operational-polish"
"same_sha","00a0b62540252e6eb917ab2d3214c13dde444314","2","rescue/no-perder-nada-20260615-171019/stash/16;rescue/no-perder-nada-20260615-180121/stash/16"
"same_sha","b0791cba6e0e559492e1f00e837431c34ed0724b","2","rescue/no-perder-nada-20260615-171019/stash/2;rescue/no-perder-nada-20260615-180121/stash/2"
"same_sha","62308c6fa2a21152b90d3a7d3f2ddb05b11aa496","2","rescue/no-perder-nada-20260615-171019/stash/1;rescue/no-perder-nada-20260615-180121/stash/1"
"same_sha","3174b52fdc740d33edf53650866ecf1311543b57","2","rescue/no-perder-nada-20260615-171019/stash/20;rescue/no-perder-nada-20260615-180121/stash/20"
"same_sha","95e0f529ba4b6414fc2211d468e0d425349003ee","2","rescue/no-perder-nada-20260615-171019/stash/21;rescue/no-perder-nada-20260615-180121/stash/21"
"same_sha","5ce6590fd9c66decc6ac689a051ebfe23bfe1002","2","rescue/no-perder-nada-20260615-171019/stash/34;rescue/no-perder-nada-20260615-180121/stash/34"
"same_sha","1956dc0f8e00a14c7fcfeb6b365e63f9c6c5cac4","2","rescue/no-perder-nada-20260615-171019/stash/15;rescue/no-perder-nada-20260615-180121/stash/15"
"same_sha","1efa365b43ce4804ec36d47ffede1cdc7a5b0458","2","rescue/no-perder-nada-20260615-171019/stash/25;rescue/no-perder-nada-20260615-180121/stash/25"
"same_sha","56540af75c15bc485407f670bbb33a46d768d6d3","2","rescue/no-perder-nada-20260615-171019/stash/8;rescue/no-perder-nada-20260615-180121/stash/8"
"same_sha","67ec8c3c7e1afb04a0975c81a3b114488b07852d","2","rescue/no-perder-nada-20260615-171019/stash/6;rescue/no-perder-nada-20260615-180121/stash/6"
"same_sha","633db4f87cb398b1f603337a9530446794435c88","2","rescue/no-perder-nada-20260615-171019/stash/33;rescue/no-perder-nada-20260615-180121/stash/33"
"same_sha","c851057fbcdac7a98a6f06ffb9c6dee526839fc9","2","audit/f6-post-approval-sensitive-c851057f;merge/f6-approved-a9377e9f"
"same_sha","94c6ab95dd7ae4eed17bedb4c0edf5912c900d33","2","rescue/no-perder-nada-20260615-171019/stash/4;rescue/no-perder-nada-20260615-180121/stash/4"
"same_sha","adc0d6ce094cd42561a61cbbd99b34ec2c29d17b","2","rescue/no-perder-nada-20260615-171019/stash/13;rescue/no-perder-nada-20260615-180121/stash/13"
"same_sha","70df4b7edcdd8066d83bd8f664c78196dbd53af2","3","codex/final-rc-scope-cutover;rescue/no-perder-nada-20260615-171019/worktree-head/005-C-/tmp/S_Hospital_final_rc;rescue/no-perder-nada-20260615-180121/worktree-head/005-"
"same_sha","813c221b5722eb28482d427d345ac28591cd475c","2","rescue/no-perder-nada-20260615-171019/stash/22;rescue/no-perder-nada-20260615-180121/stash/22"
"same_sha","6a8d22e43c0b087e688858e2f40ee92dc653ad81","2","rescue/no-perder-nada-20260615-171019/stash/14;rescue/no-perder-nada-20260615-180121/stash/14"
"same_sha","6b2f004d67032db27c60ab7ac104e37ccedbd298","2","rescue/no-perder-nada-20260615-171019/stash/18;rescue/no-perder-nada-20260615-180121/stash/18"
"same_tree","ec8ac2a59868e386970dd671495a5bdc53333fd3","2","rescue/no-perder-nada-20260615-171019/stash/14;rescue/no-perder-nada-20260615-180121/stash/14"
"same_tree","7f445ee37a048138eebd71ee458d7a8c1ddd2dbc","2","rescue/no-perder-nada-20260615-171019/stash/30;rescue/no-perder-nada-20260615-180121/stash/30"
"same_tree","c66a002c999d3c5e4ee460de79c735134284f665","2","rescue/no-perder-nada-20260615-171019/stash/19;rescue/no-perder-nada-20260615-180121/stash/19"
"same_tree","df93d5b80c9c23a9087c3e6b4e7ccfd213d670ae","2","audit/f6-post-approval-sensitive-a979d5b7;codex/f6-operational-polish"
"same_tree","3f7856e3d935fd74b0d5ac3acfc3396ededd7440","2","rescue/no-perder-nada-20260615-171019/stash/25;rescue/no-perder-nada-20260615-180121/stash/25"
"same_tree","544328f0c38a8a1703a9c9abdb37a7e22e6808c1","2","rescue/no-perder-nada-20260615-171019/stash/15;rescue/no-perder-nada-20260615-180121/stash/15"
"same_tree","08134f7aa593e994af0e043bcc18ca902336d2bc","2","rescue/no-perder-nada-20260615-171019/stash/18;rescue/no-perder-nada-20260615-180121/stash/18"
"same_tree","afbb2db65e30c74c7e757d036292d4cc507a36c9","2","rescue/no-perder-nada-20260615-171019/stash/9;rescue/no-perder-nada-20260615-180121/stash/9"
"same_tree","74864da0bb8672ed5a55547ad681d03749e72cf3","2","rescue/no-perder-nada-20260615-171019/stash/8;rescue/no-perder-nada-20260615-180121/stash/8"
"same_tree","47ab78314fa7802aa2878bbcfb1fac2276eefda3","2","rescue/no-perder-nada-20260615-171019/stash/23;rescue/no-perder-nada-20260615-180121/stash/23"
"same_tree","5da8884b65989fe224eae8e9c8b06d65004d6f3a","2","rescue/no-perder-nada-20260615-171019/stash/13;rescue/no-perder-nada-20260615-180121/stash/13"
"same_tree","99b76099957c9ec70a5c6c2b2abf83948c799214","2","rescue/no-perder-nada-20260615-171019/stash/11;rescue/no-perder-nada-20260615-180121/stash/11"
"same_tree","53592277c53d3227f8b0db7d1ae603c1291a7bdc","2","rescue/no-perder-nada-20260615-171019/stash/2;rescue/no-perder-nada-20260615-180121/stash/2"
"same_tree","34d2a258dac731f3bb9dd5d2dbce7c58efbe7c70","2","rescue/no-perder-nada-20260615-171019/stash/6;rescue/no-perder-nada-20260615-180121/stash/6"
"same_tree","4e727211364f2c8bc93ad5166ad6e544ab8cd7f1","2","rescue/no-perder-nada-20260615-171019/stash/7;rescue/no-perder-nada-20260615-180121/stash/7"
"same_tree","740ebed99298b6277849536e9046ea0e2b02f0b9","2","audit/f6-post-approval-sensitive-c851057f;merge/f6-approved-a9377e9f"
"same_tree","dc1c5cdc368062677c9d943904eb19dca213e0d1","2","rescue/no-perder-nada-20260615-171019/stash/16;rescue/no-perder-nada-20260615-180121/stash/16"
"same_tree","c7eafaef4842a493c04ce3d574b0338659fb211a","2","rescue/no-perder-nada-20260615-171019/stash/27;rescue/no-perder-nada-20260615-180121/stash/27"
"same_tree","ef357aa5bf2ccead508653011ca2a1fbcc42aaa8","2","rescue/no-perder-nada-20260615-171019/stash/24;rescue/no-perder-nada-20260615-180121/stash/24"
"same_tree","59f4e2a435a7c393298a228d0cfb8fa4bfe6071a","2","rescue/no-perder-nada-20260615-171019/stash/31;rescue/no-perder-nada-20260615-180121/stash/31"
"same_tree","f55a4e0089e38f20feeddcaf0cb11eb78b28255e","2","rescue/no-perder-nada-20260615-171019/stash/12;rescue/no-perder-nada-20260615-180121/stash/12"
"same_tree","ac066b91300079db9b21386bf4dd5206bda7982f","2","rescue/no-perder-nada-20260615-171019/stash/1;rescue/no-perder-nada-20260615-180121/stash/1"
"same_tree","08bee1b96371aacb91bf28813d80e9bb366ba158","2","rescue/no-perder-nada-20260615-171019/stash/20;rescue/no-perder-nada-20260615-180121/stash/20"
"same_tree","0569e20b2d21f5e260da7916d3df6bc8f6642d8c","2","rescue/no-perder-nada-20260615-171019/stash/32;rescue/no-perder-nada-20260615-180121/stash/32"
"same_tree","d2f6f531598d0979ed86b58349dabafa53522d1a","3","codex/final-rc-scope-cutover;rescue/no-perder-nada-20260615-171019/worktree-head/005-C-/tmp/S_Hospital_final_rc;rescue/no-perder-nada-20260615-180121/worktree-head/005-"
"same_tree","9185f4fcbcf133e8ed97d5437db83cae5b6aa35f","2","rescue/no-perder-nada-20260615-171019/stash/28;rescue/no-perder-nada-20260615-180121/stash/28"
"same_tree","2dcffcf7fb2a86ef2777e17caa124f298f053a19","2","rescue/no-perder-nada-20260615-171019/stash/5;rescue/no-perder-nada-20260615-180121/stash/5"
"same_tree","ea26162125368e6e33fd13cafb9af13b273143d2","2","rescue/no-perder-nada-20260615-171019/stash/0;rescue/no-perder-nada-20260615-180121/stash/0"
"same_tree","e2674ed2bc9f2d45c726362db4f3f9e4cc243f7f","2","rescue/no-perder-nada-20260615-171019/stash/10;rescue/no-perder-nada-20260615-180121/stash/10"
"same_tree","a292a4a427ca019c51ea4642a63d2b674cc74d3f","2","rescue/no-perder-nada-20260615-171019/uncommitted/004-C-/tmp/S_Hospital_f6_global_design;rescue/no-perder-nada-20260615-180121/uncommitted/004"
"same_tree","df46bfb948faf5aa2fbcd23669d7f739a9b1e28e","2","rescue/no-perder-nada-20260615-171019/stash/17;rescue/no-perder-nada-20260615-180121/stash/17"
"same_tree","b0b9be29e7ed11b6973e13dde44fee7edde820c9","2","rescue/no-perder-nada-20260615-171019/stash/34;rescue/no-perder-nada-20260615-180121/stash/34"
"same_tree","02a0e350dd2e4e635e8ef04a890b9e4b1a95d19e","2","rescue/no-perder-nada-20260615-171019/stash/26;rescue/no-perder-nada-20260615-180121/stash/26"
"same_tree","dffd11e7b94a27d5b800094d0b3f3e470a56a19e","2","rescue/no-perder-nada-20260615-171019/stash/4;rescue/no-perder-nada-20260615-180121/stash/4"
"same_tree","36116b0e3937fbadb4193830aa17dc2487204148","2","rescue/no-perder-nada-20260615-171019/stash/29;rescue/no-perder-nada-20260615-180121/stash/29"
"same_tree","271542a7915c2a2ced1ae55c7179b1e648c7f59c","2","rescue/no-perder-nada-20260615-171019/stash/21;rescue/no-perder-nada-20260615-180121/stash/21"
"same_tree","a03e442ae7cba091fa068187d181d964ef933936","2","rescue/no-perder-nada-20260615-171019/stash/22;rescue/no-perder-nada-20260615-180121/stash/22"
"same_tree","90bfcd57f5d4c6f72a19dd7275872a4de206d337","2","rescue/no-perder-nada-20260615-171019/stash/3;rescue/no-perder-nada-20260615-180121/stash/3"
"same_tree","4bec8004b2dc4ea74a8a6a0337eeff5b2be44f08","2","rescue/no-perder-nada-20260615-171019/stash/33;rescue/no-perder-nada-20260615-180121/stash/33"
"same_file_set","d383d79e53f30923fcc42a0ed2c13d32e95ef2a0580a8047742c4fa1d47289f3","2","rescue/no-perder-nada-20260615-171019/stash/24;rescue/no-perder-nada-20260615-180121/stash/24"
"same_file_set","6c08aa5dd7e685ab7e8a13d7fd9dcbe09937b49d77ab6deae14ab2fa9bef5d32","2","rescue/no-perder-nada-20260615-171019/stash/4;rescue/no-perder-nada-20260615-180121/stash/4"
"same_file_set","3c7244b1b4507516551bec82968e915222be5cfea8d7171eee69066c5d345736","2","rescue/no-perder-nada-20260615-171019/stash/19;rescue/no-perder-nada-20260615-180121/stash/19"
"same_file_set","92ba1098f727bdbd77f4dfd963a8fd7a8f521de48c90637b251b675d36454158","2","rescue/no-perder-nada-20260615-171019/stash/2;rescue/no-perder-nada-20260615-180121/stash/2"
"same_file_set","7e3173b94c00688a2a11de7b73a2120061d11fda8383ed3ce35bb38ba6b498f9","2","rescue/no-perder-nada-20260615-171019/stash/7;rescue/no-perder-nada-20260615-180121/stash/7"
"same_file_set","85f67fb0435814cf455e921a659af10c8e8559231eccdd32587f544692e6f369","2","rescue/no-perder-nada-20260615-171019/stash/28;rescue/no-perder-nada-20260615-180121/stash/28"
"same_file_set","e4d10ad14a4ac207214a6f458dbfe7b5d12d694d1a28e5bc4df43085c3fa6635","2","rescue/no-perder-nada-20260615-171019/stash/25;rescue/no-perder-nada-20260615-180121/stash/25"
"same_file_set","37c0f64371fb07e2e1674547341629a9cdfb316a2d20176ad485e2af10197d65","2","rescue/no-perder-nada-20260615-171019/stash/21;rescue/no-perder-nada-20260615-180121/stash/21"
"same_file_set","e8abb8cca952aaa3640dc0d8334e36685e17f3ee42e9f5a93060f7309bce1e34","2","rescue/no-perder-nada-20260615-171019/uncommitted/004-C-/tmp/S_Hospital_f6_global_design;rescue/no-perder-nada-20260615-180121/uncommitted/004"
"same_file_set","f3fee0eae639d8d3c893298311af7cde5f5dd8114477a3d39540ab83cf7bcd78","2","rescue/no-perder-nada-20260615-171019/stash/23;rescue/no-perder-nada-20260615-180121/stash/23"
"same_file_set","92bf63ece29502ec32b2c2e3e96e9295eb119a728387db407d53f054138ff2d7","2","audit/f6-post-approval-sensitive-c851057f;merge/f6-approved-a9377e9f"
"same_file_set","15b5c6504267888db55c6d4bcebd52aa8b5347d8e30033e5cdf4eedbf3f93a55","2","rescue/no-perder-nada-20260615-171019/stash/31;rescue/no-perder-nada-20260615-180121/stash/31"
"same_file_set","d4e6ab391f75f89c4592a65637f8fa468b77930d994c20ad11aa38755a92d897","2","rescue/no-perder-nada-20260615-171019/stash/16;rescue/no-perder-nada-20260615-180121/stash/16"
"same_file_set","5010802f6b38d59f59e2af55fe51727fa02c09bed832c20e7f0ab16c50d3abff","2","rescue/no-perder-nada-20260615-171019/stash/29;rescue/no-perder-nada-20260615-180121/stash/29"
"same_file_set","b1f129e1838a240504ddc8c8d00f6ef427007d25ca99eaec6a89acfac2532ce4","2","rescue/no-perder-nada-20260615-171019/stash/5;rescue/no-perder-nada-20260615-180121/stash/5"
"same_file_set","61be1555470ecdfc7cf463163d3c1c704f9d35bc66ba68e401aec13709632247","2","rescue/no-perder-nada-20260615-171019/stash/17;rescue/no-perder-nada-20260615-180121/stash/17"
"same_file_set","00e44e03c83bc5118afeb809d732b6d98444a24dae01f99024e6d67f4144d037","2","rescue/no-perder-nada-20260615-171019/stash/18;rescue/no-perder-nada-20260615-180121/stash/18"
"same_file_set","f13b5a3550866968b7e81d9b05a41b5378970029b3f26aba105572d675c45c3a","2","rescue/no-perder-nada-20260615-171019/stash/15;rescue/no-perder-nada-20260615-180121/stash/15"
"same_file_set","4b071e2455949212e95abdd5dd9274a357d7489682b0ab846c434efae7c6fd92","2","rescue/no-perder-nada-20260615-171019/stash/9;rescue/no-perder-nada-20260615-180121/stash/9"
"same_file_set","29104f08ddafd02a701c56aaff2c2231e0ed17870293f1b744e6daf0cf8d3af8","2","rescue/no-perder-nada-20260615-171019/stash/3;rescue/no-perder-nada-20260615-180121/stash/3"
"same_file_set","3e66b5d53311150c5a148b44b66bf1a754459f6de12708d32ed6da1416180e1a","2","rescue/no-perder-nada-20260615-171019/stash/32;rescue/no-perder-nada-20260615-180121/stash/32"
"same_file_set","2e12bc08aa403369c5c951afa10b185b96741f57828ee643ad18762d36b2d091","2","rescue/no-perder-nada-20260615-171019/stash/34;rescue/no-perder-nada-20260615-180121/stash/34"
"same_file_set","82b2293f0944d35972f9e3f6d138849bc856b7aa6bf14de4c5756f343023dde8","2","rescue/no-perder-nada-20260615-171019/stash/6;rescue/no-perder-nada-20260615-180121/stash/6"
"same_file_set","0b2571f1ea6750a7e378db1f7897eed7fd6d8d81024921cbaa6768f25c5deaff","2","rescue/no-perder-nada-20260615-171019/stash/0;rescue/no-perder-nada-20260615-180121/stash/0"
"same_file_set","46b24ae3245dd423767e4b1bfef213df35930593052a4171c760b6c0b120c02a","2","rescue/no-perder-nada-20260615-171019/stash/27;rescue/no-perder-nada-20260615-180121/stash/27"
"same_file_set","e0a1beb25c6119f8422eb104d712ec95d0f21e738b962c6bd5a220fed444f9cd","2","rescue/no-perder-nada-20260615-171019/stash/20;rescue/no-perder-nada-20260615-180121/stash/20"
"same_file_set","489afb3e8015fa8bc8e1d14940d133ea359577a6098c97d10d83ea0dd50d9344","2","audit/f6-post-approval-sensitive-a979d5b7;codex/f6-operational-polish"
"same_file_set","743606e69804c2a2363be97ac960ff169bb599ddb8f729de6967afdc108f5b2b","2","rescue/no-perder-nada-20260615-171019/stash/14;rescue/no-perder-nada-20260615-180121/stash/14"
"same_file_set","e3b41cde8022fe04cb9f9de7a0145ee1350405a6ed0be35745ee6be048b65cd5","2","rescue/no-perder-nada-20260615-171019/stash/26;rescue/no-perder-nada-20260615-180121/stash/26"
"same_file_set","afb7f7c6652b692f0f99c4625c5b1f36f8b678ae8ec2526da5e32a2c6291825b","3","codex/final-rc-scope-cutover;rescue/no-perder-nada-20260615-171019/worktree-head/005-C-/tmp/S_Hospital_final_rc;rescue/no-perder-nada-20260615-180121/worktree-head/005-"
"same_file_set","163b504e3e064ba76400e55f0cb63ab51bbf2e26594cd29c41fed4d100344988","2","rescue/no-perder-nada-20260615-171019/stash/33;rescue/no-perder-nada-20260615-180121/stash/33"
"same_file_set","6ac2b5de7b6a0e376210d2301bd5d1db42e13f24afc86f8c8b2aa3f43818b55a","2","rescue/no-perder-nada-20260615-171019/stash/22;rescue/no-perder-nada-20260615-180121/stash/22"
"same_file_set","5f6f3b71c56082b6bf2b7a2ad1e6a6b826c3f926bc085094ecf05eb055741db2","2","rescue/no-perder-nada-20260615-171019/stash/10;rescue/no-perder-nada-20260615-180121/stash/10"
"same_file_set","ce534da91970e3077fab00745cd458cfed256d728ae0327bc4387d69876d2afc","2","rescue/no-perder-nada-20260615-171019/stash/11;rescue/no-perder-nada-20260615-180121/stash/11"
"same_file_set","6b3cffa46494d511031e0e59be8d07d206dbb5825ee9722c8962a846955da7b0","2","rescue/no-perder-nada-20260615-171019/stash/13;rescue/no-perder-nada-20260615-180121/stash/13"
"same_file_set","c4e8662b622808b49de9acedb229e7ea545a9239b76931f223d86c167842c513","2","rescue/no-perder-nada-20260615-171019/stash/12;rescue/no-perder-nada-20260615-180121/stash/12"
"same_file_set","3190c6bb48134b20fe5228d1f6abdb08dabe251fd4d97bc86a90442c050fbe6c","2","rescue/no-perder-nada-20260615-171019/stash/30;rescue/no-perder-nada-20260615-180121/stash/30"
